Deal ID,투자 받는 회사 (Target / Startup),투자사 (Investor),투자 금액,라운드,사업 섹터,주요 사업부문,기사 날짜,기사 출처,비고,기사 링크
1,엑스에너지,"Jane Street, ARK Invest, Galvanize, Hood River Capital Management, Point72, Reaves Asset Management, XTX Ventures, Ares Management, Corner Capital, Emerson Collective, NGP, Segra Capital Management",7억 달러,Series D,Semiconductor & Industrial,첨단 소형모듈원자로(SMR) 개발 및 상용화,2025.11.26,버섯돌이(Taehyun Kim),"아마존, 다우, 센트리카 등 주요 고객 확보; 누적 투자액 18억 달러",https://wowtale.net/2025/11/26/251085/
2,피프스도어,"댑트캐피털, 스토리하우스벤처스",2000만 달러,시드,Interactive Contents & Media,누구나 몇 분 안에 게임을 만들 수 있는 차세대 AI 게임 플랫폼 개발,2025.11.26,확인 불가,,https://wowtale.net/2025/11/26/251090/
3,마리타임퓨전,"트럭스벤처캐피털, Y컴비네이터 공동 창업자 폴 그레이엄, 알루미니벤처스, 아에라벤처캐피털, Y컴비네이터",450만 달러,Seed,Semiconductor & Industrial,상업용 선박에 탑재할 핵융합 원자로 개발,2025.11.27,확인 불가,,https://wowtale.net/2025/11/27/251104/
4,베스트알,"한국투자파트너스, 한국투자액셀러레이터, 동일산업, 바로벤처스",비공개,시리즈A,Semiconductor & Industrial,텅스텐 순환경제 인프라 구축 및 국내 텅스텐 자립화를 위한 대량 생산체제 구축,2025.11.27,와우테일,,https://wowtale.net/2025/11/27/251111/
5,세이브더팜즈,킹고스프링,비공개,시드,Biotech & Healthcare,"농업 부산물 등 유기성 폐기물을 자원화해 바이오차 및 친환경 비료, 사료, 펫푸드 등 고부가가치 제품을 생산하는 친환경 자원순환 스타트업",2025.11.27,와우테일,중소벤처기업부 TIPS·LIPS 운영사 추천권 확보,https://wowtale.net/2025/11/27/251114/
6,RRR Korea(알알알 코리아),지디벤처스,비공개,프리 시드,Consumer Internet & Fintech,"AI 기반 실물자산 거래소 ‘드르륵’ 운영, 실물자산 거래의 투명성과 효율성 제공",2025.11.27,와우테일,,https://wowtale.net/2025/11/27/251118/
7,슬로크,"MYSC, 대구창조경제혁신센터",미공개,시드 브릿지,Consumer Internet & Fintech,국내 로컬 브랜드의 해외 진출을 지원하는 AI 기반 글로벌 유통 플랫폼 운영,2025.11.28,와우테일,,https://wowtale.net/2025/11/28/251181/
8,엠버,"넥서스 벤처 파트너스, 와이콤비네이터",430만 달러,시드,Biotech & Healthcare,AI 기반 의료 보험 청구 거부 예방 및 이의신청 자동화 플랫폼 제공,2025.11.29,확인 불가,,https://wowtale.net/2025/11/29/251201/
9,페루트 시큐리티,"트루 벤처스, 인더스트리 벤처스, 프리페이스 벤처스, Y 콤비네이터","1,400만 달러",Series A,ICT & Digitalization,웹사이트와 모바일 앱의 클라이언트 측 보안을 위한 AI 기반 컴플라이언스 플랫폼 제공,2025.11.30,확인 불가,,https://wowtale.net/2025/11/30/251204/
10,세리온,"크레안덤, 와이컴비네이터, 고트캐피탈, 10x 파운더스, 세션, 해리 스테빙스, 토마스 울프, 가렛 랭글리","1,800만 달러",Series A,ICT & Digitalization,AI 비전 에이전트를 활용해 공장 생산라인을 24시간 감시하고 다운타임과 불량품 손실을 절반으로 줄이는 솔루션 제공,2025.11.30,버섯돌이(Taehyun Kim),,https://wowtale.net/2025/11/30/251207/
11,고이장례연구소,"신한벤처투자,HGI,우신벤처투자,한빛인베스트먼트,하나벤처스,디캠프",90억 원,시리즈A,Consumer Internet & Fintech,장례 서비스 및 통합 장례 플랫폼 운영,2025.12.01,와우테일,,https://wowtale.net/2025/12/01/251219/
12,사이오닉에이아이,"네이버클라우드, IBK기업은행, 에이티넘인베스트먼트, LB인베스트먼트, IMM인베스트먼트, KT인베스트먼트, 파트너스인베스트먼트, 한국투자파트너스, 미래에셋벤처투자, 플럭스벤처스, BSK인베스트먼트, 삼성벤처투자",250억 원,시리즈A,ICT & Digitalization,AI 기반 엔터프라이즈 솔루션과 기업용 LLM 운영 솔루션을 제공,2025.12.01,와우테일,네이버클라우드와 전략적 협력 강화 및 글로벌 사업 확장 계획,https://wowtale.net/2025/12/01/251225/
13,셀렉트스타,"삼성벤처투자, 미래에셋벤처투자, 플럭스벤처스",55억 원,시리즈B,ICT & Digitalization,"AI 데이터 전처리부터 생성, 신뢰성 평가 솔루션을 제공하는 AI 데이터 및 신뢰성 평가 전문 기업",2025.12.01,와우테일,삼성벤처투자는 삼성생명 전략투자펀드를 통해 전략적 투자로 참여,https://wowtale.net/2025/12/01/251229/
14,에이아이트릭스,"프리미어파트너스, 한리버파트너스, 미래에셋벤처투자, 신영증권–BSK인베스트먼트, KB증권–솔리더스인베스트먼트, SV인베스트먼트, 미래에셋캐피탈",350억 원,시리즈C,Biotech & Healthcare,의료 인공지능(AI) 솔루션 개발 및 글로벌 사업 확장,2025.12.01,와우테일,,https://wowtale.net/2025/12/01/251237/
15,앙티브,씨엔티테크,비공개,미공개,Consumer Internet & Fintech,비건 뷰티 브랜드 ‘허스텔러’를 운영하는 뷰티테크 스타트업,2025.12.01,와우테일,,https://wowtale.net/2025/12/01/251241/
16,발토스,"OpenAI 스타트업 펀드, 럭스캐피털, 파운더스펀드",3천만 달러,시드,Biotech & Healthcare,AI를 활용해 생물학적 위협을 조기 탐지하고 백신 및 치료제 개발을 지원하는 플랫폼 개발,2025.12.01,확인 불가,OpenAI의 첫 생물보안 분야 투자,https://wowtale.net/2025/12/01/251259/
17,오비터스,"롯데벤처스, 하나벤처스",30억 원,시리즈A,Consumer Internet & Fintech,"K-유아브랜드의 미국·캐나다·일본 시장에서 초기 브랜딩부터 마케팅, 영업, 리테일까지 전 과정을 직접 수행하는 통합 수출 모델 기반 글로벌 확장 전문 기업",2025.12.01,와우테일,,https://wowtale.net/2025/12/01/251274/
18,쉐어잇,"한국산업은행, 우리벤처파트너스, IBK벤처투자",80억 원,미공개,Consumer Internet & Fintech,대면 이벤트 공간 중개 플랫폼으로 B2B 대관 시장을 선점,2025.12.02,와우테일,,https://wowtale.net/2025/12/02/251297/
19,포트래이,"스틱벤처스, BNH인베스트먼트, 카카오벤처스, 인비저닝파트너스, 본엔젤스벤처파트너스, 펄어비스캐피탈, CKD창업투자",145억 원,시리즈B,Biotech & Healthcare,공간전사체 기반 암 데이터 플랫폼과 AI 분석 기술을 활용한 신약개발,2025.12.02,와우테일,,https://wowtale.net/2025/12/02/251299/
20,블랙포레스트랩스,"세일즈포스 벤처스, 앤드리슨호로위츠, 엔비디아, 노스존, 크레안덤, 얼리버드 VC, 제너럴 카탈리스트, 테마섹, 베인캐피탈 벤처스, 캔바, 피그마",3억 달러,Series B,ICT & Digitalization,AI 이미지 생성 핵심 기술을 개발하고 기업 고객에 맞춤형 상용 서비스를 제공,2025.12.02,버섯돌이(Taehyun Kim),"창업 16개월 만에 유니콘 등극, 누적 투자금 4억 5,000만 달러 이상",https://wowtale.net/2025/12/02/251302/
21,모건,씨엔티테크 제22호 투자조합,비공개,미공개,Consumer Internet & Fintech,빅데이터 기반 O2O 역직구 및 배송대행 플랫폼 ‘투데이(Twoday)’ 운영,2025.12.02,와우테일,,https://wowtale.net/2025/12/02/251312/
22,소프엔티,이녹스,25억 원,미공개,Semiconductor & Industrial,PFAS-free 나노섬유 복합소재 기반 기업,2025.12.02,와우테일,이녹스 오픈이노베이션 프로그램 4기 선정 및 스케일업 TIPS 선정,https://wowtale.net/2025/12/02/251330/
23,부스터즈,SBI인베스트먼트,200억 원,미공개,Consumer Internet & Fintech,데이터 및 AI 기반 마케팅과 커머스 역량을 활용해 글로벌 K-브랜드 생태계 확장에 주력하는 마케팅테크 및 커머스 기업,2025.12.02,FSN,,https://wowtale.net/2025/12/02/251333/
24,뷰노,스마일게이트인베스트먼트,100억 원,전략적 투자,Biotech & Healthcare,의료 인공지능(AI) 기술을 개발하는 기업,2025.12.02,와우테일,영구 전환사채 구조 활용,https://wowtale.net/2025/12/02/251335/
25,그라디움,"퍼스트마크 캐피탈, 유라제오, DST 글로벌 파트너스, 구글 전 CEO 에릭 슈미트, 자비에 니엘, 로돌프 사데, 코렐리아 캐피탈, 앰플리파이 파트너스, 리퀴드2, 드라이스데일 벤처스",7000만 달러,Seed,ICT & Digitalization,음성 AI 기술을 기반으로 실시간 다국어 전사 및 합성 API를 제공하는 스타트업,2025.12.02,버섯돌이(Taehyun Kim),창업 3개월 만에 이례적인 규모의 시드 투자 유치,https://wowtale.net/2025/12/02/251348/
26,레인드롭,"라이트스피드 벤처 파트너스, 피그마 벤처스, 버셀 벤처스, Y컴비네이터",1500만 달러,Seed,ICT & Digitalization,AI 에이전트 모니터링 플랫폼을 제공하여 프로덕션 환경에서 AI 에이전트의 실패를 감지하고 분석,2025.12.02,버섯돌이(Taehyun Kim),"리플릿, 스피크, 클레이 등 AI 기업 창업자들이 엔젤 투자자로 참여",https://wowtale.net/2025/12/02/251352/
27,워커린스페이스,"IMM인베스트먼트, 미래에셋벤처투자, 신한벤처투자, 라구나인베스트먼트, 포스코기술투자",90억 원,프리시리즈A,ICT & Digitalization,궤도상서비싱 및 우주에서의 생산·제조·조립 전문기업,2025.12.03,와우테일,,https://wowtale.net/2025/12/03/251365/
28,에브리심,500글로벌,미공개,시드,ICT & Digitalization,클라우드·AI 기반 엔지니어링 시뮬레이션 솔루션 개발,2025.12.03,와우테일,,https://wowtale.net/2025/12/03/251369/
29,뉴런소프트,"씨엔티테크, 헥토그룹",비공개,미공개,ICT & Digitalization,전자필기 앱 ‘패스노트’를 운영하며 AI 기반 문제 생성 및 저작권 보호 기술을 제공하는 에듀테크 스타트업,2025.12.03,와우테일,,https://wowtale.net/2025/12/03/251376/
30,퍼밋플로우,"액셀, 클라이너 퍼킨스, 펠리시스, 이니셜라이즈드 캐피탈, 알토스 벤처스, 와이콤비네이터",5400만 달러,시리즈B,ICT & Digitalization,AI를 활용해 건설 인허가 프로세스를 자동화하는 플랫폼 제공,2025.12.03,버섯돌이(Taehyun Kim),,https://wowtale.net/2025/12/03/251385/
31,오믈렛,"산업은행, 현대기술투자, BNK투자증권, 현대자동차 제로원",비공개,프리시리즈A,ICT & Digitalization,AI와 수학적 최적화 기술을 결합해 산업의 복잡한 의사결정을 자동화하는 최적화 AI 플랫폼 제공,2025.12.03,와우테일,,https://wowtale.net/2025/12/03/251390/
32,모스,페어 VC,비공개,프리시드 후속,ICT & Digitalization,B2B SaaS 환경에서 인앱 AI 어시스턴트를 제공하여 사용자 온보딩과 기능 학습 효율을 높임,2025.12.04,와우테일,페어 VC의 초기 창업가 액셀러레이터 프로그램 ‘페어X’ 코호트 합류,https://wowtale.net/2025/12/04/251424/
33,안타레스,"샤인 캐피탈, 알트 캐피탈, 카페이네이티드, 피프티쓰리 스테이션스, 인더스트리어스","9,600만 달러",시리즈 B,Semiconductor & Industrial,원격 군사기지 및 극한 환경에 신속 배치 가능한 소형 원자로 개발,2025.12.04,확인 불가,"투자금은 신규 지분 7,100만 달러와 설비·공장 확장·우라늄 조달용 부채 2,500만 달러로 구성",https://wowtale.net/2025/12/04/251461/
34,파로스아이바이오,"DSC인베스트먼트, 컴퍼니케이파트너스, 한국투자파트너스, 한국투자증권, 아주IB투자",190억원,전환사채(CB),Biotech & Healthcare,인공지능 기반 혁신 신약 개발 전문기업,2025.12.04,와우테일,"전환가액 조정 하한선 8000원, 기업가치 최소 1000억원 이상 인정",https://wowtale.net/2025/12/04/251465/
35,코발트랩스,"퍼스트 하모닉, 얼로이 랩스, Y컴비네이터",1100만 달러,시리즈A,Consumer Internet & Fintech,금융기관의 리스크 및 컴플라이언스 업무를 자동화하는 AI 에이전트 플랫폼 제공,2025.12.04,버섯돌이(Taehyun Kim),"투자 주도자는 알리 로우가니, 얼로이 랩스는 전략적 투자자로 참여",https://wowtale.net/2025/12/04/251469/
36,브레보,"제너럴 애틀랜틱, 오클리 캐피탈",5억8300만 달러,미공개,ICT & Digitalization,통합 CRM 플랫폼을 제공하는 고객관계관리(CRM) 업체,2025.12.04,확인 불가,"기업가치 10억 달러 넘어 유니콘 등극, 기존 투자자 파텍은 엑시트",https://wowtale.net/2025/12/04/251474/
37,하비,"안드레센 호로위츠, 원드르코, 티로우프라이스, 세콰이어, 클라이너퍼킨스, 컨빅션, 엘라드 길",1.6억 달러,Series F,ICT & Digitalization,법률 업무 자동화에 특화된 AI 스타트업,2025.12.05,확인 불가,"기업가치 80억 달러 평가, 신규 및 기존 투자자 참여",https://wowtale.net/2025/12/05/251478/
38,티립스,MYSC,미공개,시드,Biotech & Healthcare,나노소재 연구 자동화를 위한 AI 로보틱스 솔루션과 친환경 순환 소재 기술 융합 딥테크 스타트업,2025.12.05,와우테일,,https://wowtale.net/2025/12/05/251448/
39,워크원오원,MYSC,비공개,시드,Biotech & Healthcare,AI 기반 근골격계 X-ray 판독 보조 솔루션 개발 및 의료 AI SaaS 제공,2025.12.05,와우테일,팁스(TIPS) 선정 포함,https://wowtale.net/2025/12/05/251451/
40,멀티팩터,"넥서스 벤처 파트너스, Y컴비네이터, 타우루스 벤처스, 허니스톤 벤처스, 플렉스 캐피탈, 파이오니어 펀드, 리추얼 캐피탈, 리퀴드2 벤처스",1500만 달러,시드,ICT & Digitalization,포스트퀀텀 암호화 기반 AI 에이전트 제로 트러스트 보안 플랫폼 개발,2025.12.05,버섯돌이(Taehyun Kim),,https://wowtale.net/2025/12/05/251495/
41,트리아나 바이오메디신스,"아센타 캐피탈, 베서머 벤처 파트너스, YK 바이오벤처스, 리제너론 벤처스, 인버스, 핀츨리 헬스케어 벤처스, RA 캐피탈 매니지먼트, 아틀라스 벤처, 라이트스피드 벤처 파트너스, 화이자 벤처스, 서베이어 캐피탈",1.2억 달러,시리즈B,Biotech & Healthcare,분자 접착제 기반 항암제 개발,2025.12.07,버섯돌이(Taehyun Kim),"초과 청약, 빅파마 화이자와 전략적 협력 중",https://wowtale.net/2025/12/07/251532/
42,안티테시스,"제인 스트리트, 앰플리파이 벤처 파트너스, 스파크 캐피탈, 타마랙 글로벌, 퍼스트 인 벤처스, 팀워디 벤처스, 하이페리온 캐피탈, 패트릭 콜리슨, 드왈케시 파텔, 숄토 더글러스",1억500만 달러,Series A,ICT & Digitalization,결정론적 시뮬레이션 기반 소프트웨어 테스트 플랫폼을 제공,2025.12.07,버섯돌이,제인 스트리트가 고객이자 투자 주도; 5년 스텔스 후 빠른 성장,https://wowtale.net/2025/12/07/251536/
43,세븐에이아이(7AI),"인덱스 벤처스(Index Ventures), 블랙스톤 이노베이션스 인베스트먼츠(Blackstone Innovations Investments), 그레이록(Greylock), CRV, 스파크 캐피탈(Spark Capital)",1억3천만 달러,Series A,ICT & Digitalization,AI 에이전트를 활용한 에이전틱 사이버보안 플랫폼 개발 및 제공,2025.12.07,확인 불가,"사이버보안 업계 역대 최대 규모 시리즈A 투자, 누적 투자금 1억6,600만 달러, 기업가치 7억 달러 평가",https://wowtale.net/2025/12/07/251539/
44,이온,"엘라드 길(Gil Capital), 시쿼이아 캐피탈, 라이트스피드 벤처 파트너스, 그린오크스, 본드, 어피니티, 바인 벤처스",3억 달러,Series D,ICT & Digitalization,기업 백업 데이터를 AI 학습용 데이터 레이크로 전환하는 클라우드 백업 솔루션 제공,2025.12.07,버섯돌이(Taehyun Kim),"창업 2년 만에 40억 달러 기업가치 달성, 실리콘밸리 전설적 투자자 엘라드 길 주도",https://wowtale.net/2025/12/07/251543/
45,악시아도,"매버릭 실리콘, 프로스페리티7 벤처스, 오빗 벤처 파트너스, 크로스링크 캐피털",1억 달러 이상,Series C+,Semiconductor & Industrial,AI 데이터센터용 보안 전용 반도체 칩(TCU)을 개발하는 스타트업,2025.12.07,확인 불가,"사우디 아람코 계열 프로스페리티7 벤처스 참여, AI 기반 하드웨어 보안과 전력 최적화 기능 보유",https://wowtale.net/2025/12/07/251547/
46,아루(Aaru),레드포인트벤처스(Redpoint Ventures),5000만 달러 이상,시리즈A,ICT & Digitalization,AI 에이전트를 활용한 합성 인구 시뮬레이션 기반 시장조사 및 여론조사 솔루션 제공,2025.12.07,테크크런치,"다층 밸류에이션 구조 활용, 10억 달러 헤드라인 기업가치",https://wowtale.net/2025/12/07/251551/
47,캐스텔리온,"알티미터 캐피탈, 라이트스피드 벤처 파트너스, 라브록 벤처스, 앤드리슨 호로위츠, 제너럴 카탈리스트, 퍼스트 인, 스페이스 VC, 칸토스, 블루야드, 아베니르, 챔피언 힐, 인테를라고스",3.5억 달러,Series B,Semiconductor & Industrial,극초음속 미사일 개발에 집중하는 미국 방산 스타트업,2025.12.07,버섯돌이(Taehyun Kim),첫 극초음속 무기 블랙비어드 개발 및 대량생산 시설 구축에 투자금 활용,https://wowtale.net/2025/12/07/251554/
48,유들리,"웨스트브릿지 캐피탈, 네오트라이브, 마드로나","4,000만 달러",Series B,ICT & Digitalization,AI 기반 롤플레이 코칭 플랫폼으로 실전 비즈니스 대화 시뮬레이션 및 맞춤 피드백 제공,2025.12.08,확인 불가,"6개월 만에 기업가치 3배 증가, 누적 투자금 약 6,000만 달러",https://wowtale.net/2025/12/08/251560/
49,이엔셀,"NH투자증권, 엔에이치-메리츠 바이오 신기술투자조합, BNH인베스트먼트, 파트너스인베스트먼트",225억 원,제1회 전환사채(CB) 발행,Biotech & Healthcare,첨단바이오의약품 CDMO 및 신약개발 전문기업,2025.12.08,와우테일,,https://wowtale.net/2025/12/08/251595/
50,비심플 AI,"Y콤비네이터, 서지포인트 캐피털, 포터필드 벤처스, 아미노 캐피털, 위라이트 캐피털, 멀티모달 벤처스, 스크립트 캐피털, 다수의 엔젤 투자자",300만 달러,시드,ICT & Digitalization,AI 데이터 라벨링 플랫폼을 제공하며 고품질 AI 훈련용 데이터를 수집·가공,2025.12.08,버섯돌이(Taehyun Kim),,https://wowtale.net/2025/12/08/251604/
51,네오사피엔스,"인터베스트, HB인베스트먼트, K2인베스트먼트, 보광인베스트먼트",165억 원,프리IPO,ICT & Digitalization,AI 음성 생성 플랫폼 타입캐스트 운영 및 AI 음성 생성 기술 고도화,2025.12.09,와우테일,,https://wowtale.net/2025/12/09/251629/
52,스킬드AI,"소프트뱅크 그룹, 엔비디아",10억 달러 이상,미공개,ICT & Digitalization,로봇용 범용 AI 두뇌 개발,2025.12.09,로이터 통신,"기업가치 약 140억 달러, 7개월 만에 3배 상승 예상",https://wowtale.net/2025/12/09/251651/
53,갤럭시코퍼레이션,"한국투자증권, 신한벤처투자, 엔베스터, 에이데이터, 스타플러스 레전드홀딩스","1,000억원",프리 IPO,Interactive Contents & Media,AI 기술과 엔터테인먼트를 융합한 미디어·IP·커머스·테크 4가지 비즈니스 모델로 엔터테크 영역 선도,2025.12.09,와우테일,"기업가치 1조 원 인정받아 유니콘 등극, 2026년 상장 목표",https://wowtale.net/2025/12/09/251660/
54,잇뉴,중소벤처기업진흥공단,미공개,성장공유형 자금,ICT & Digitalization,제주 당일배송 서비스 ‘제주오늘’을 운영하며 AI 기반 지역 연결 플랫폼을 구축,2025.12.10,와우테일,,https://wowtale.net/2025/12/10/251667/
55,엠프롬프투,"프리커서 벤처스, 알럼나이 벤처스, 파운더스 엣지, 로그 위민 VC, 사우스 루프, 질 캐피탈",200만 달러,Pre-seed,ICT & Digitalization,프로덕션 환경에서 안정적으로 작동하는 AI 앱을 만드는 플랫폼,2025.12.10,확인 불가,"프리커서 벤처스가 리드, 에디스 하바우 엔젤 투자 참여",https://wowtale.net/2025/12/10/251673/
56,세이브더팜즈,인포뱅크,비공개,시드,Biotech & Healthcare,유기성 폐기물과 농업 부산물을 활용해 바이오차 및 친환경 자원으로 전환하는 기술 개발,2025.12.10,와우테일,"인포뱅크의 미래 환경혁신 기술펀드를 통한 투자, 팁스 선정 포함",https://wowtale.net/2025/12/10/251677/
57,뉴빌리티,"한국산업은행, 인비저닝파트너스, 아이씨에프(넥스트랜스와 공동 운용), 지누스 창업자 이윤재 전 회장, 해외 모바일 게임 산업 기업가",251억 원,시리즈 B,ICT & Digitalization,피지컬 AI 기반 로봇 서비스·플랫폼 기업으로 자율주행 로봇과 휴머노이드 로봇 기술 개발,2025.12.10,와우테일,,https://wowtale.net/2025/12/10/251683/
58,호두랩스,블루포인트파트너스,비공개,미공개,ICT & Digitalization,AI 음성 에이전트 기반 에듀테크 서비스 제공,2025.12.10,와우테일,,https://wowtale.net/2025/12/10/251686/
59,붐 슈퍼소닉,"다르사나 캐피털 파트너스, 알티미터 캐피털, 아크 인베스트, 베세머 벤처 파트너스, 로빈후드 벤처스, 와이콤비네이터",3억 달러,Series B,Semiconductor & Industrial,초음속 여객기 개발과 AI 데이터센터용 천연가스 터빈 제조,2025.12.10,확인 불가,AI 데이터센터 전력 시장 진출을 위한 투자,https://wowtale.net/2025/12/10/251691/
60,서울뷰티클럽,"사제파트너스, 허슬 펀드, 콜라보러티브 펀드 아시아, 매쉬업벤처스, 더벤처스",200만 달러,프리시드,Consumer Internet & Fintech,미국 시장 대상 K-뷰티 개인화 구독 플랫폼 운영,2025.12.10,와우테일,중소벤처기업부 팁스 글로벌트랙 선정 및 최대 12억 원 R&D 자금 지원 예정,https://wowtale.net/2025/12/10/251696/
61,언컨벤셔널 AI,"안드레센 호로위츠, 라이트스피드 벤처 파트너스, 룩스 캐피털, DCVC, 데이터브릭스, 제프 베조스",4.7억 달러,시드,Semiconductor & Industrial,생물학적 뇌의 에너지 효율성을 본뜬 차세대 AI 컴퓨터 및 실리콘 기반 아날로그 칩 개발,2025.12.10,확인 불가,"창업 2개월 만에 45억 달러 기업가치 평가, 라오 본인도 1,000만 달러 투자",https://wowtale.net/2025/12/10/251724/
62,솔브 인텔리전스,"비저너리즈, 20VC, 톰슨 로이터, 와이콤비네이터",4000만 달러,Series B,ICT & Digitalization,특허 업계를 위한 AI 기반 특허 작성 및 심사 대응 플랫폼 개발,2025.12.10,버섯돌이(Taehyun Kim),"시리즈 A 투자 후 몇 개월 만에 후속 투자 유치, 특허 AI 시장 내 경쟁사 언급",https://wowtale.net/2025/12/10/251728/
63,파라택시스코리아,기관투자자,150억원,제3자 배정 유상증자,ICT & Digitalization,BTC 트레저리 및 채굴 플랫폼을 운영하는 코스닥 상장 기업,2025.12.11,와우테일,,https://wowtale.net/2025/12/11/251751/
64,키뮤스튜디오,가이아벤처파트너스,비공개,프리시리즈A,Interactive Contents & Media,발달장애인 아티스트를 발굴·교육하고 이들의 작품을 전시 및 콘텐츠로 선보이는 소셜 스타트업,2025.12.11,와우테일,,https://wowtale.net/2025/12/11/251754/
65,에버엑스,,190억 원,미공개,Biotech & Healthcare,AI 기반 근골격계 질환 디지털 치료 솔루션 개발,2025.12.11,와우테일,,https://wowtale.net/2025/12/11/251759/
66,서울시,하이라이트캐피탈,5천만 달러,미공개,Biotech & Healthcare,서울시 바이오·헬스케어 기업에 대한 투자 및 서울지사 설립 추진,2025.12.11,확인 불가,"하이라이트캐피탈은 글로벌 바이오·헬스케어 전문 투자기업이며, 서울 바이오·헬스케어 기업에 5년간 5천만 달러 투자 계획",https://wowtale.net/2025/12/11/251775/
67,팰AI(fal),"시퀘이아 캐피탈, 클라이너 퍼킨스, 엔벤처스, 알케온 캐피탈, 앤드리슨 호로위츠, 킨드레드 벤처스, 메리텍, 베서머 벤처 파트너스, 노터블 캐피탈, 쇼피파이 벤처스, 세일즈포스 벤처스",1.4억 달러,Series D,ICT & Digitalization,"개발자와 기업이 AI 이미지, 비디오, 오디오 생성 모델을 실시간으로 실행할 수 있는 생성형 미디어 인프라 플랫폼 제공",2025.12.11,버섯돌이(Taehyun Kim),"2차 거래 포함 전체 거래 규모 약 2.5억 달러, 기업가치 45억 달러로 3배 상승",https://wowtale.net/2025/12/11/249028/
68,바이브,Y Combinator,1000만 달러,시드,ICT & Digitalization,기업 내부용 앱을 자연어 입력으로 자동 생성하는 AI 코딩 플랫폼,2025.12.12,버섯돌이(Taehyun Kim),,https://wowtale.net/2025/12/12/251796/
69,하네스,"골드만삭스, IVP, 멘로벤처스, 어뉴주얼벤처스",2억4000만 달러,Series E,ICT & Digitalization,AI 기반 소프트웨어 배포 자동화 플랫폼을 제공,2025.12.12,확인 불가,"골드만삭스 주도, 임직원 주식 매입 포함",https://wowtale.net/2025/12/12/251799/
70,런웨어(Runware),"돈 캐피털(Dawn Capital), 스피드인베스트(Speedinvest), 컴캐스트 벤처스(Comcast Ventures), 인사이트 파트너스(Insight Partners), a16z 스피드런, 제로 프라임 벤처스(Zero Prime Ventures), 비긴 캐피탈(Begin Capital)",5000만 달러,Series A,ICT & Digitalization,이미지·비디오·오디오를 실시간으로 생성할 수 있는 AI 미디어 생성 개발자 도구 플랫폼 제공,2025.12.12,버섯돌이(Taehyun Kim),돈 캐피털의 샤밀라 뱅키야 파트너가 이사회 합류,https://wowtale.net/2025/12/12/251805/
71,코넥트,"경기창조경제혁신센터, 알코브인베스트먼트매니지먼트",2.5억 원,미공개,ICT & Digitalization,외국인 대상 여권 기반 통합 생활 플랫폼을 개발하는 AI 스타트업,2025.12.12,확인 불가,경기센터와 알코브 공동 주관 글로벌 펀딩 챌린지 우승으로 투자 유치,https://wowtale.net/2025/12/12/251815/
72,"빌드하다, 스튜디오비비비, 에피코드",에이씨엔디씨,비공개,미공개,ICT & Digitalization,스타트업 3개사에 대한 투자 유치,2025.12.12,와우테일,경기도와 경기도경제과학진흥원 주최 창업혁신공간 컴퍼니빌더 지원사업 일환,https://wowtale.net/2025/12/12/251825/
73,엔엑스엔랩스,"시그나이트, 스마트스터디벤처스",미공개,미공개,Interactive Contents & Media,패션·리테일 콘텐츠 자동화 및 생성형 AI 기술을 활용한 디지털 프로덕션 서비스 제공,2025.12.12,와우테일,,https://wowtale.net/2025/12/12/251837/
74,포트,"제너럴 아틀란틱, 액셀, 베세머 벤처 파트너스, 팀8",1억 달러,Series C,ICT & Digitalization,"내부 개발자 포털(Internal Developer Portal, IDP) 솔루션을 제공하여 개발자들이 필요한 도구와 정보를 한곳에서 접근할 수 있도록 하는 플랫폼 개발",2025.12.12,확인 불가,"기업가치 8억 달러, 누적 투자액 1억5800만 달러",https://wowtale.net/2025/12/12/251844/
75,세비인트,"KKR, Sixth Street, TenEleven, Carrick Capital Partners",7억 달러,Series B,ICT & Digitalization,AI 시대의 아이덴티티 보안 플랫폼을 제공,2025.12.13,버섯돌이(Taehyun Kim),"기업가치 약 30억 달러 평가, KKR 주도, AI 기반 신기능 개발 및 글로벌 확장에 투자",https://wowtale.net/2025/12/13/251875/
76,K2 스페이스,"레드포인트, T. Rowe Price, 헤도소피아, 알티미터, 라이트스피드, 알파인 스페이스 벤처스","2억5,000만 달러",시리즈C,Semiconductor & Industrial,고출력 위성 버스 플랫폼을 개발 및 대량 생산하는 우주항공 스타트업,2025.12.14,버섯돌이(Taehyun Kim),"기업가치 30억 달러 평가, 누적 투자금 4억5,000만 달러 확보",https://wowtale.net/2025/12/14/251884/
77,세인진바이오,"국제 국부펀드, 시노바이오팜, 레전드캐피탈, 비보캐피탈, 인버스, 심비오시스, 국발캐피탈, 트루메드, 레이크블루캐피탈, 일라이 릴리, 치밍벤처파트너스, K2벤처파트너스, TF캐피탈, 오리자홀딩스, 노던라이트벤처캐피탈",1억1000만 달러,시리즈 B,Biotech & Healthcare,간외 조직 표적 RNAi 치료제 개발,2025.12.14,버섯돌이(Taehyun Kim),"일라이 릴리 전략적 투자자 참여, 12억 달러 규모 협력 계약 직후 투자",https://wowtale.net/2025/12/14/251888/
78,퍼보에너지,"B캐피털, 구글, 브레이크스루 에너지 벤처스, 캘스터스, 센타우루스 캐피털, 데본 에너지, 미쓰이, 미쓰비시중공업, JB 스트라우벨, 홀텍 인터내셔널",4.6억 달러,시리즈 E,Biotech & Healthcare,수압파쇄 기술을 접목한 강화지열시스템을 통해 탄소 배출 없는 전력 생산,2025.12.14,확인 불가,"구글이 최초 지분 투자자로 참여, 케이프 스테이션 프로젝트에 투자금 사용",https://wowtale.net/2025/12/14/251891/
79,슈퍼브에이아이,"한화자산운용, 포스코기술투자",140억 원,Pre-IPO,ICT & Digitalization,"사진, 동영상, 3D 라이다 등 영상 AI 솔루션과 데이터 중심 AI 개발 기술 제공",2025.12.15,와우테일,"2026년 IPO 추진, 국내외 대기업과 협력 중",https://wowtale.net/2025/12/15/251916/
80,미렐로,"인덱스 벤처스, 안드레센 호로위츠, 어틀랜틱, 트리플포인트 캐피털",4100만 달러,시드,Interactive Contents & Media,AI 기반 영상에 맞는 사운드 이펙트를 자동 생성하는 오디오 AI 스타트업,2025.12.16,확인 불가,"총 누적 투자금 4400만 달러, AI 비디오 사운드 분야 특화",https://wowtale.net/2025/12/16/251967/
81,네이비어,"구글 벤처스(GV), HCVC, Y 콤비네이터(Y Combinator)",560만 달러,시드,Semiconductor & Industrial,하드웨어 설계와 개발을 위한 AI 기반 자율 엔지니어링 플랫폼 개발,2025.12.16,버섯돌이(Taehyun Kim),,https://wowtale.net/2025/12/16/251979/
82,아크리얼,"DSC인베스트먼트,SDB인베스트먼트,슈미트,수인베스트먼트캐피탈",80억 원,프리시리즈A,Biotech & Healthcare,AI 기반 구강 스캐너 및 덴탈 헬스케어 솔루션 개발,2025.12.16,와우테일,,https://wowtale.net/2025/12/16/251983/
83,스페이스점프,컴퍼니엑스,비공개,브릿지 투자,ICT & Digitalization,AI 기반 기자재 자동화 거래·정리·운송 시스템을 통해 소상공인 시장의 비효율을 해결하는 플랫폼 운영,2025.12.16,와우테일,,https://wowtale.net/2025/12/16/251986/
84,퓨어스페이스,알토스벤처스,60억 원,시리즈A,Biotech & Healthcare,과일과 채소의 숙성과 부패를 촉진하는 에틸렌 가스를 저감하는 촉매 시스템을 개발하여 신선식품 유통기한을 연장하는 푸드테크 스타트업,2025.12.16,와우테일,,https://wowtale.net/2025/12/16/251990/
85,제이엔제이테크,,10억 원,미공개,Biotech & Healthcare,의약품 유통 플랫폼을 운영,2025.12.16,와우테일,,https://wowtale.net/2025/12/16/251994/
86,차이 디스커버리,"오크 HC/FT, 제너럴 캐털리스트, 스라이브 캐피털, 오픈AI, 디멘션, 멘로 벤처스, 라키 그룸, 요세미티, 네오, SV 앤젤, 에머슨 콜렉티브, 글레이드 브룩",1.3억 달러,Series B,Biotech & Healthcare,생화학 분자 간 상호작용을 예측하고 재프로그래밍하는 AI 신약개발 기업,2025.12.16,확인 불가,"밸류에이션 13억 달러, 누적 투자금 2억2,500만 달러, 이사회에 투자자 합류",https://wowtale.net/2025/12/16/252000/
87,로그프레소,"KB인베스트먼트, 다수의 신규 투자자",160억 원,시리즈B,ICT & Digitalization,클라우드 기반 SIEM 전문기업으로 보안운영 플랫폼 기술을 제공,2025.12.16,와우테일,,https://wowtale.net/2025/12/16/252003/
88,엘머티,엠와이소셜컴퍼니,비공개,Seed,Semiconductor & Industrial,전기차 배터리 화재 안전 솔루션과 반도체 공정용 첨단 소재 개발,2025.12.17,와우테일,,https://wowtale.net/2025/12/17/252030/
89,픽스업헬스,"한국투자엑셀러레이터, 시너지IB투자",비공개,시드,Biotech & Healthcare,AI 기반 원격 치료 모니터링 서비스를 제공하는 디지털 헬스케어 기업,2025.12.17,와우테일,,https://wowtale.net/2025/12/17/252035/
90,긴트,"PT.Indo Agritech Investment, LIG넥스원-IBK캐피탈 방산혁신 신기술투자조합 제1호, 플랜에이치벤처스, 엑스플로인베스트먼트, 한국산업은행, 빌랑스인베스트먼트",145억원,프리IPO,Biotech & Healthcare,전자제어 및 자율 주행 기술 기반 농업용 로보틱스 및 AI 작물 관리 프로그램 개발,2025.12.17,와우테일,"다수의 전략적 투자자 참여, 해외 시장 진출 및 기술 개발 목적",https://wowtale.net/2025/12/17/252037/
91,라스트 에너지,"아스테라 인스티튜트, JAM Fund, 기가펀드, 해스켈 컴퍼니, AE Ventures, Ultranative, 갤럭시 인터랙티브, 우리기술",1억 달러 이상,Series C,Semiconductor & Industrial,마이크로 모듈형 원자로를 개발하는 에너지 스타트업,2025.12.17,확인 불가,미 에너지부 DOE 파일럿 프로그램 완료 및 상용 생산 전환 계획,https://wowtale.net/2025/12/17/252060/
92,데이터브릭스,"인사이트 파트너스, 피델리티 매니지먼트 앤 리서치 컴퍼니, JP모건 자산운용, 안드레센 호로위츠, 블랙록, 블랙스톤, 코아투, GIC, MGX, NEA",40억 달러,Series L,ICT & Digitalization,클라우드 기반 데이터 분석 및 AI 플랫폼 제공,2025.12.17,확인 불가,"3개월 만에 기업가치 34% 상승, 네온 인수 포함",https://wowtale.net/2025/12/17/252065/
93,피키,한리버파트너스,비공개,시리즈A,Interactive Contents & Media,K-뷰티 브랜드의 글로벌 시딩을 전문으로 하는 풀 스택 솔루션 플랫폼 운영,2025.12.18,와우테일,,https://wowtale.net/2025/12/18/252101/
94,트리거닷데브,"스탠다드 캐피털, Y Combinator, 리퀴드2, 웨이파인더 벤처스, 파이어니어 펀드, 레벨 펀드, 마이클 그리니치, CTO 펀드",1600만 달러,Series A,ICT & Digitalization,개발자가 복잡한 백그라운드 작업과 AI 워크플로를 쉽게 만들고 실행할 수 있는 플랫폼 제공,2025.12.18,버섯돌이(Taehyun Kim),"스탠다드 캐피털은 4억2500만 달러 규모 첫 펀드 조성, AI 스타트업 집중 투자",https://wowtale.net/2025/12/18/252143/
95,러버블,"캐피털G, 멘로 벤처스 앤솔로지 펀드, 엔비디아 NVentures, 세일즈포스 벤처스, 데이터브릭스 벤처스, 액셀, 크레안둠, 코슬라 벤처스, DST 글로벌",3.3억 달러,Series B,ICT & Digitalization,코딩 지식 없이 대화형 AI로 웹 애플리케이션을 개발할 수 있는 플랫폼,2025.12.19,버섯돌이(Taehyun Kim),"6개월 만에 기업 가치 66억 달러로 상승, 주요 기술 기업들의 전략적 투자 포함",https://wowtale.net/2025/12/19/252157/
96,오름테라퓨틱,"KB인베스트먼트, IMM인베스트먼트, 우리벤처파트너스, 스타셋인베스트먼트, 와이스자산운용, 한국투자파트너스, DSC인베스트먼트, 컴퍼니케이파트너스, 에이온인베스트먼트, 데일리파트너스",1450억원,전환우선주 투자,Biotech & Healthcare,차세대 항체-분해약물 접합체(DAC) 기반 항암제 및 중증 질환 신약 개발,2025.12.19,확인 불가,"기존 및 신규 투자자 다수 참여, 전환우선주 방식, DAC 플랫폼 고도화 목적",https://wowtale.net/2025/12/19/252161/
97,앙카르,"아토미코, 인덱스 벤처스, 노르스켄, 다프니",2000만 달러,Series A,ICT & Digitalization,AI 기반 특허 플랫폼을 개발하여 특허 출원 및 분석 과정을 자동화하고 효율화,2025.12.19,버섯돌이(Taehyun Kim),"누적 투자액 2400만 달러, 팔란티어 출신 창업자들이 설립",https://wowtale.net/2025/12/19/252164/
98,알트에이,"그랜드벤처스, IBK 기업은행, 케이알벤처스",미공개,시리즈 A,ICT & Digitalization,AI 기반 스마트교통 인프라 및 CCTV 지능화 모듈 개발,2025.12.19,버섯돌이(Taehyun Kim),,https://wowtale.net/2025/12/19/252180/
99,라디언트,"드레이퍼 어소시에이츠, 부스트 VC, 파운더스 펀드, ARK 벤처 펀드, 쉐브론 테크놀로지 벤처스",3억 달러 이상,시리즈D,Semiconductor & Industrial,컨테이너 크기 휴대용 1MW급 소형 원자로 개발 및 생산,2025.12.20,버섯돌이(Taehyun Kim),"6개월 만에 시리즈C 후속 초고속 투자 유치, 기업가치 18억 달러 이상",https://wowtale.net/2025/12/20/252215/
100,사이에라,"블랙스톤, 시퀘이어, 액셀, 라이트스피드, 그린오크스, 코투, 사이버스타츠, 조지안",4억 달러,미공개,ICT & Digitalization,AI 기반 데이터 보안 플랫폼을 제공하며 클라우드와 온프레미스 환경의 민감 데이터를 실시간으로 추적·보호,2025.12.21,확인 불가,"기업가치 90억 달러 평가, 6개월 만에 50% 상승",https://wowtale.net/2025/12/21/252221/
101,테브라,"힐드레드, JP모건, 토바 캐피털, 트랜스포메이션 캐피털, HLM 벤처 파트너스",2.5억 달러,미공개,Biotech & Healthcare,중소 개원의 전용 전자의무기록(EHR) 플랫폼을 제공하며 AI 통합을 통해 의료진의 행정 업무를 지원,2025.12.21,확인 불가,"지분 투자와 부채 융자 포함, 기존 투자자들도 참여",https://wowtale.net/2025/12/21/252223/
102,미씩(Mythic),"DCVC, 뉴 엔터프라이즈 어소시에이츠, 아트레이데스 매니지먼트, 소프트뱅크, 혼다자동차, 록히드마틴","1억 2,500만 달러",미공개,Semiconductor & Industrial,아날로그 AI 칩 개발 및 AI 데이터센터용 에너지 효율 높은 AI 칩 제조,2025.12.22,확인 불가,"누적 투자액 1억 7,800만 달러 돌파, DCVC 주도, 초과 모집 기록",https://wowtale.net/2025/12/22/252226/
103,해바캄,MYSC,비공개,미공개,ICT & Digitalization,AI·IoT 기반 스마트 방역 솔루션 개발 및 제조,2025.12.22,와우테일,,https://wowtale.net/2025/12/22/252236/
104,애즈위메이크,"솔루엠, 엑스플로인베스트먼트, 플랜에이치벤처스, 한국대안투자자산운용, HGI",비공개,시리즈 C2,Consumer Internet & Fintech,우리 동네 마트와 인근 거주민을 연결해 당일 배송 온라인 식료품 서비스 ‘큐마켓’을 운영,2025.12.22,와우테일,"신규 전략적 투자자 및 기존 투자자 모두 참여, 6개월 만에 후속 투자",https://wowtale.net/2025/12/22/252241/
105,블루포인트파트너스,"제트벤처캐피탈, 인바디",100억원,미공개,ICT & Digitalization,딥테크 스타트업에 투자하고 기술사업화 프로세스를 지원하는 액셀러레이터,2025.12.22,와우테일,"ZVC와 인바디가 각각 50억원씩 투자, 전략적 파트너십 강화 목적",https://wowtale.net/2025/12/22/252250/
106,비사이드미,엠와이소셜컴퍼니,비공개,시드,ICT & Digitalization,시니어 전문가 구독 플랫폼 ‘리라랩’을 운영하며 AI 기반 전문가 매칭 및 구독형 멘토링 서비스를 제공,2025.12.22,와우테일,,https://wowtale.net/2025/12/22/252259/
107,인포유금융서비스,데일리파트너스,200억원,미공개,Consumer Internet & Fintech,보험대리점으로 설계사 네트워크와 디지털 특화사업을 통한 금융판매 전문회사,2025.12.22,와우테일,데일리파트너스 GA산업 블라인드펀드 첫 투자 집행,https://wowtale.net/2025/12/22/252269/
108,뉴톤,엠와이소셜컴퍼니(MYSC),미공개,Seed,ICT & Digitalization,AI 기반 디지털 탄소 관리 솔루션을 운영하는 기후테크 스타트업,2025.12.23,와우테일,"아모레퍼시픽 출자 펀드 통해 투자, 팁스 선정",https://wowtale.net/2025/12/23/252304/
109,하이마루컴퍼니,"SB파트너스, 스마트스터디",80억원,미공개,Interactive Contents & Media,AI 기반 인플루언서 소통 플랫폼 리버스톡을 개발하는 스타트업,2025.12.23,와우테일,SB파트너스와 스마트스터디가 단계적 투자 진행 중,https://wowtale.net/2025/12/23/252309/
110,메이사,"LIG넥스원, IBK캐피탈 방산혁신 펀드, GVA자산운용, NH헤지자산운용, 페인터즈앤벤처스, 비전에쿼티파트너스, 트라이앵글파트너스, 아이디벤처스, 지앤텍벤처투자, 키움증권",100억 원,프리 IPO,ICT & Digitalization,위성과 드론 중심의 멀티소스 공간 데이터를 AI 플랫폼으로 분석해 인사이트를 제공하는 기업,2025.12.23,와우테일,"상장 주관사 키움증권이 투자자로 직접 참여, K-방산 빅4 중 두 곳 투자 참여",https://wowtale.net/2025/12/23/252312/
111,뉴타입인더스트리즈,"블루포인트파트너스, 더넥스트랩, 명신정보통신",미공개,시드,ICT & Digitalization,전장 내 의사결정 과정을 AI로 개선하는 방산 소프트웨어 기업,2025.12.23,와우테일,,https://wowtale.net/2025/12/23/252318/
112,솔라라이즈,"포스텍홀딩스, 기술보증기금, 포스코기술투자, BNK벤처투자, Sema Investment, 인라이트 벤처스",미공개,시리즈 A,Semiconductor & Industrial,지능형 태양광 인버터 및 제어 플랫폼 개발과 생산을 통한 신재생에너지 솔루션 제공,2025.12.23,다코스,,https://wowtale.net/2025/12/23/252345/
113,홍시궁,엠와이소셜컴퍼니(MYSC),비공개,미공개,Consumer Internet & Fintech,전주 지역 기반 로컬 디저트 브랜드로 홍시를 현대적으로 재해석한 디저트 제품 개발 및 제조,2025.12.23,와우테일,,https://wowtale.net/2025/12/23/252351/
114,피니(Finny),"벤록(Venrock), 뱅가드 전 회장 윌리엄 맥냅, 올트루이스트 창업자 제이슨 웬크, 와이콤비네이터, 메이플VC, 크로스빔벤처스",1700만 달러,Series A,Consumer Internet & Fintech,자산관리사를 위한 AI 기반 영업 자동화 플랫폼 제공,2025.12.23,확인 불가,"벤록이 라운드 주도, 뱅가드 전 회장과 핀테크 창업자도 투자 참여",https://wowtale.net/2025/12/23/252354/
115,피로스,"엘리펀트 벤처스, Y컴비네이터, 펀더스클럽, 서비스타이탄 공동창업자 아라 마데시안, 바헤 쿠조얀","1,500만 달러",Series A,ICT & Digitalization,건축 및 엔지니어링 분야의 콘텐츠 인텔리전스 플랫폼으로 과거 설계 자료를 효율적으로 재사용하도록 지원,2025.12.23,확인 불가,"시드 라운드 이후 수익성 유지, ARR 300만 달러 달성",https://wowtale.net/2025/12/23/252358/
116,레몬 슬라이스,"와이콤비네이터, 매트릭스 파트너스, 아라시 페르도우시, 에밋 시어, 더 체인스모커스",1050만 달러,시드,ICT & Digitalization,사진 한 장으로 실시간 대화가 가능한 AI 아바타 생성 기술 개발,2025.12.24,확인 불가,,https://wowtale.net/2025/12/24/252380/
117,페리오니어,엠와이소셜컴퍼니(MYSC),비공개,시드,Biotech & Healthcare,급진성치주염 진단 및 맞춤형 면역 기반 치료기술 개발,2025.12.24,와우테일,중소벤처기업부 팁스 선정 및 최대 5억원 연구개발 자금 확보,https://wowtale.net/2025/12/24/252385/
118,드래프타입,일신창업투자파트너스,미공개,시리즈A,ICT & Digitalization,빅데이터·AI 기반 종합 광고 솔루션을 제공하는 기업,2025.12.24,와우테일,,https://wowtale.net/2025/12/24/252392/
119,인티그레이션,"알토스벤처스, TBT",275억 원,미공개,Biotech & Healthcare,"한의의료 통합 운영 플랫폼 및 한의사 커뮤니티, 한의원 특화 커머스, 브랜드, EMR, CRM 서비스 제공",2025.12.24,와우테일,,https://wowtale.net/2025/12/24/252395/
120,다산제약,"KB증권,NH투자증권",130억 원,프리IPO,Biotech & Healthcare,제약 CDMO(의약품 위탁 개발 및 제조) 전문기업,2025.12.24,와우테일,,https://wowtale.net/2025/12/24/252408/
121,펩티르나테라퓨틱스,와우파트너스,비공개,시드,Biotech & Healthcare,siRNA 약물전달체 개발 및 펩타이드 기반 전달 플랫폼 제공,2025.12.24,와우테일,,https://wowtale.net/2025/12/24/252413/
122,에스티리테일,엠와이소셜컴퍼니(MYSC),비공개,프리시리즈A 브릿지,Biotech & Healthcare,과잉·비규격 농산물과 저등급 축산물을 고부가가치 식품으로 전환하는 세이빙테크 기반 푸드테크 기업,2025.12.24,와우테일,MYSC 엑스트라마일 라이콘 펀드 통해 투자 집행,https://wowtale.net/2025/12/24/252418/
123,대즐 AI,"Forerunner Ventures, Kleiner Perkins, Greycroft, Offline Ventures, Slow Ventures, Bling Capital",800만 달러,Seed,ICT & Digitalization,AI 개인 비서 개발,2025.12.24,버섯돌이(Taehyun Kim),"마리사 메이어 창업, 커스틴 그린 주도 투자",https://wowtale.net/2025/12/24/252421/
124,CSP,엠와이소셜컴퍼니(MYSC),비공개,미공개,Consumer Internet & Fintech,지역 문제 해결에 초점을 둔 커뮤니티 기반 벤처스튜디오로 지역 자산을 활용한 비즈니스 모델을 기획·운영,2025.12.24,와우테일,MYSC의 엑스트라마일 라이콘 펀드를 통해 투자 집행,https://wowtale.net/2025/12/24/252424/
125,222,"제너럴 캐털리스트, 1517 펀드, 베스트 나이츠 VC, 스크럼 벤처스, 업프론트 벤처스, 아라쉬 페르도우시",1010만 달러,Series A,ICT & Digitalization,AI 매칭 알고리즘으로 오프라인 소규모 그룹 모임을 큐레이션하는 서비스 제공,2025.12.24,버섯돌이(Taehyun Kim),"누적 투자금 약 1370만 달러, Y컴비네이터 2023년 겨울 배치 참가",https://wowtale.net/2025/12/24/252427/
126,무인화연구소,MYSC,미공개,미공개,ICT & Digitalization,"무인 스터디카페 및 독립형 공유오피스 운영, AIoT 기반 무인 운영 시스템 개발",2025.12.26,다코스,,https://wowtale.net/2025/12/26/252463/
127,소담소담,"엠와이소셜컴퍼니, 기술보증기금, 크립톤",미공개,Pre-A,Consumer Internet & Fintech,프리미엄 육가공 및 가정간편식(HMR) 전문 제조기업,2025.12.26,다코스,엠와이소셜컴퍼니의 엑스트라마일 라이콘 펀드 통해 투자 집행,https://wowtale.net/2025/12/26/252468/
128,파이토소울,"엠와이소셜컴퍼니, 다날투자파트너스",비공개,시드브릿지,Consumer Internet & Fintech,"지속가능 향 브랜드로 프리미엄 향수, 디퓨저, 핸드크림 등 제품을 판매",2025.12.26,확인 불가,,https://wowtale.net/2025/12/26/252474/
129,어댑티브 시큐리티,"베인캐피털벤처스, 엔벤처스, 오픈AI 스타트업 펀드, 앤드리슨호로위츠, 캐피털원 벤처스, 씨티 벤처스",8100만 달러,Series B,ICT & Digitalization,AI 기반 딥페이크 방어 및 소셜 엔지니어링 공격 대응 플랫폼 제공,2025.12.29,버섯돌이(Taehyun Kim),오픈AI가 사이버보안 기업에 투자한 첫 사례,https://wowtale.net/2025/12/29/252480/
130,라이드플럭스,"에이티넘인베스트먼트, 산업은행",200억원,프리 IPO,ICT & Digitalization,무인화 자율주행 기술을 기반으로 자율주행 트럭 및 대중교통 서비스를 상용화하는 기업,2025.12.29,와우테일,,https://wowtale.net/2025/12/29/252493/
131,바이오컴,"NH농협은행, 나이스투자파트너스, 신한벤처투자",비공개,시리즈A,Biotech & Healthcare,대사체 및 멀티오믹스 데이터를 AI로 분석해 개인별 최적 건강 관리 솔루션 제공,2025.12.29,와우테일,,https://wowtale.net/2025/12/29/252506/
132,저크,엠와이소셜컴퍼니(MYSC),비공개,미공개,Semiconductor & Industrial,복사냉각 기술을 활용한 친환경 복사냉각 페인트 개발 및 상용화,2025.12.29,와우테일,,https://wowtale.net/2025/12/29/252517/
133,산군,"현대투자파트너스, 에이치지이니셔티브, 스트롱벤처스",비공개,시리즈A,ICT & Digitalization,건설 빅데이터 플랫폼 ‘산업의역군’을 운영하며 건설 산업 특화 AI·데이터 플랫폼을 제공,2025.12.30,와우테일,스트롱벤처스는 세 번째 연속 후속 투자,https://wowtale.net/2025/12/30/252553/
134,호야랩,"씨앤벤처파트너스, 와우파트너스",비공개,시드,Biotech & Healthcare,유전자 편집 기술을 활용해 오프타깃 문제를 극복하는 AI 융합 바이오 스타트업,2025.12.30,와우테일,중소벤처기업부 팁스 선정,https://wowtale.net/2025/12/30/252556/
135,소서릭스,네이버 D2SF,비공개,미공개,ICT & Digitalization,"이용자의 상황과 의도, 맥락을 이해해 능동적으로 서비스를 제공하는 AI 홈 솔루션 개발",2025.12.30,와우테일,,https://wowtale.net/2025/12/30/252574/
136,주미당,다수의 국내 주요 투자사,55억 원,프리시리즈A,Biotech & Healthcare,AI 기반 푸드테크 기업으로 데이터 분석을 활용한 제품 기획 및 생산·유통 효율화 기술 제공,2025.12.30,광주정보문화산업진흥원(GICON),,https://wowtale.net/2025/12/30/252578/
137,로볼루션,경남벤처투자,20억원,프리시리즈A,Semiconductor & Industrial,산업용 로봇 및 제조 공정 자동화 분야의 로봇 제조와 솔루션 제공,2025.12.30,와우테일,,https://wowtale.net/2025/12/30/252581/
138,엠바스,부산대학교기술지주,3억 원,미공개,ICT & Digitalization,AI 노코드 플랫폼을 개발하여 코딩 없이 즉시 플랫폼 론칭을 지원,2025.12.31,와우테일,,https://wowtale.net/2025/12/31/252603/
139,어니스트AI,"AAK, 아톤",144억 원,미공개,Consumer Internet & Fintech,금융기관을 위한 AI 연계대출 플랫폼(BaaS)과 AI 리스크 관리 솔루션 제공,2025.12.31,와우테일,,https://wowtale.net/2025/12/31/252607/
140,테스티파이,경기창조경제혁신센터,1억 원,시드,ICT & Digitalization,생성형 AI 기반 소프트웨어 품질보증(QA) 자동화 솔루션 개발,2026.01.02,와우테일,중소벤처기업부 팁스 프로그램 선정 연계,https://wowtale.net/2026/01/02/252642/
141,맥킨리라이스,,125억 원,미공개,Consumer Internet & Fintech,핀테크 기반 글로벌 HR 솔루션 제공,2026.01.02,와우테일,,https://wowtale.net/2026/01/02/252654/
142,엘피지오웰니스,"스타에셋파트너스, 와이앤아처",1억 원,미공개,Biotech & Healthcare,비침습 메디컬 뷰티 기기 제조·유통과 피부·바디 관리 프랜차이즈 운영,2026.01.05,와우테일,스타에셋파트너스는 K-뷰티·웰니스 산업에서 새로운 표준을 만들기 위한 전략적 투자로 평가,https://wowtale.net/2026/01/05/252713/
143,십일리터,"기술보증기금, AC패스파인더",미공개,프리 시리즈A 브릿지,Biotech & Healthcare,반려동물 토탈 건강관리 솔루션 ‘라이펫’ 운영,2026.01.05,와우테일,누적 투자 유치 금액 20억 원 돌파,https://wowtale.net/2026/01/05/252716/
144,엔라이튼,템플턴하나자산운용,300억 원,미공개,ETC,지붕형 태양광 사업을 통해 산업시설 유휴 지붕을 활용한 태양광 설비를 확대 및 운영,2026.01.05,와우테일,,https://wowtale.net/2026/01/05/252721/
145,얼맥당,"스타에셋파트너스, 와이앤아처",미공개,미공개,Consumer Internet & Fintech,스몰비어 프랜차이즈 브랜드로 국산 생맥주 품질 관리와 차별화된 경험 제공,2026.01.06,와우테일,,https://wowtale.net/2026/01/06/252773/
146,세상을바꾸는사람들,젠엑시스,비공개,프리시리즈A,Energy,AI 기반 전력 예측 및 가변전력제어 기술을 개발하여 전기차 충전 인프라 확장과 건물 에너지 관리를 지원,2026.01.06,와우테일,,https://wowtale.net/2026/01/06/252777/
147,위드포인츠,"크릿벤처스, 퓨처플레이, 위벤처스, 은행권청년창업재단(디캠프)",40억원,프리 시리즈A,Semiconductor & Industrial,모듈형 로봇 자동화 플랫폼 개발 및 제조 현장 비정형 작업 자동화 솔루션 제공,2026.01.06,와우테일,"크릿벤처스가 15억원 단독 투자, AI·로보틱스 기반 스마트 제조·물류 전환에 집중",https://wowtale.net/2026/01/06/252794/
148,랩인큐브,메타바이오메드,비공개,전략적 투자,Biotech & Healthcare,MOF 기반 소재 개발 및 의료소재 분야 사업화,2026.01.06,와우테일,,https://wowtale.net/2026/01/06/252813/
149,에봄에이아이,끌림벤처스,비공개,시드,Biotech & Healthcare,심장질환 조기 진단 및 예측 AI 솔루션 개발하는 의료 AI 스타트업,2026.01.07,와우테일,중소벤처기업부 딥테크 팁스 선정으로 15억원 정부 R&D 자금 지원 예정,https://wowtale.net/2026/01/07/252857/
150,리보디스,베이스벤처스,5억 원,시드,Biotech & Healthcare,옷처럼 입는 소프트 웨어러블 로봇을 개발하는 스타트업,2026.01.07,와우테일,,https://wowtale.net/2026/01/07/252861/
151,열다컴퍼니,서울대학교기술지주,비공개,시드,Consumer Internet & Fintech,정명화 기반 구독형 홈케어 플랫폼 운영,2026.01.07,와우테일,,https://wowtale.net/2026/01/07/252864/
152,에이뉴프로덕션,씨엔티테크,미공개,미공개,Interactive Contents & Media,XR·버추얼 기술을 접목한 가족뮤지컬 ‘닥터 두리틀’ 제작,2026.01.07,와우테일,동국대학교기술지주-씨엔티테크 제1호 개인투자조합을 통해 투자,https://wowtale.net/2026/01/07/252894/
153,xAI,"Valor Equity Partners, Stepstone Group, Fidelity Management & Research Company, Qatar Investment Authority, MGX, Baron Capital Group, NVIDIA, Cisco Investments",200억 달러,Series E,ICT & Digitalization,인공지능(AI) 기술 개발 및 AI 슈퍼컴퓨터 인프라 구축,2026.01.08,버섯돌이(Taehyun Kim),"엔비디아와 시스코가 전략적 투자자로 참여, 세계 최대 GPU 클러스터 구축 지원",https://wowtale.net/2026/01/08/252931/
154,엘엠아레나,"펠리시스, UC 인베스트먼츠, 앤드리슨 호로위츠, 더 하우스 펀드, LDVP, 클라이너 퍼킨스, 라이트스피드 벤처 파트너스, 로드 벤처스","1억 5,000만 달러",Series A,ICT & Digitalization,AI 모델 평가 플랫폼을 운영하며 사용자 피드백 기반 AI 모델 성능 평가 서비스를 제공,2026.01.08,확인 불가,"7개월 만에 기업가치 3배 상승, AI 평가 시장 내 차별화된 사용자 참여형 평가 방식",https://wowtale.net/2026/01/08/252938/
155,요양의정석,서울대기술지주,비공개,시드,Biotech & Healthcare,보호자들이 신뢰할 수 있는 요양 정보와 돌봄 자원을 연결하는 AI 기반 시니어 케어 플랫폼,2026.01.08,와우테일,,https://wowtale.net/2026/01/08/252970/
156,커버써먼,인터베스트,미공개,전략적 투자,Consumer Internet & Fintech,스마트 섬유소재 기술을 활용한 패션테크 기업,2026.01.08,와우테일,,https://wowtale.net/2026/01/08/252980/
157,한국딥러닝,"트랜스링크인베스트먼트, SV인베스트먼트, IBK기업은행, 산업은행",120억 원,시리즈A,ICT & Digitalization,공공·기업용 시각지능 AI 통합 솔루션을 제공하는 기업,2026.01.08,와우테일,"산업은행이 50억 원 투자, 총 투자금의 40% 이상 차지",https://wowtale.net/2026/01/08/252985/
158,RXC,"LB인베스트먼트, 제트벤처캐피탈(ZVC), GS벤처스, 한국벤처투자, 에이피알(APR)",70억 원,시리즈A,Interactive Contents & Media,디지털 미디어 기반 커머스 플랫폼 ‘프리즘’ 운영,2026.01.08,와우테일,,https://wowtale.net/2026/01/08/253011/
159,펩,크릿벤처스,10억원,시드,Interactive Contents & Media,하이브리드 캐주얼 게임 개발 및 퍼블리싱,2026.01.09,와우테일,,https://wowtale.net/2026/01/09/253027/
160,한국엘에프피,코인베스트,300만 달러,미공개,Semiconductor & Industrial,이차전지 핵심 소재 분야에서 기술 경쟁력을 보유한 기업,2026.01.09,와우테일,코인베스트는 지난해 10월 초기 투자(20만 달러) 후 추가 투자,https://wowtale.net/2026/01/09/253031/
161,코기,"와이 콤비네이터, 킨드레드 벤처스, 올리버 융, 레블론 캐피털, 컨트래리, 글레이드 브룩 캐피털 파트너스",1억 800만 달러,"시리즈 A, 시드 라운드",Consumer Internet & Fintech,스타트업 전문 AI 보험 플랫폼으로 보험사 라이선스를 보유하고 AI 기반 보험 상품과 서비스를 제공,2026.01.09,확인 불가,"설립 1년 만에 정식 보험사 라이선스 취득, AI를 핵심 인프라로 활용",https://wowtale.net/2026/01/09/253037/
162,프로테제,"안드레센 호로위츠, 풋워크, CRV, 블룸버그 베타, 플렉스 캐피탈, 셰이퍼 캐피탈",3천만 달러,Series A,ICT & Digitalization,AI 개발사와 데이터 제공자를 연결하는 AI 학습 데이터 플랫폼을 운영,2026.01.11,버섯돌이(Taehyun Kim),"지난해 8월 2,500만 달러 시리즈 A 후속 투자, 누적 투자액 6,500만 달러",https://wowtale.net/2026/01/11/253058/
163,라이트(Lyte),"아비그도르 빌렌츠, 피델리티, 아트레이데스, 엑소르 벤처스, 키원 캐피탈, 벤처 테크 얼라이언스",1억 700만 달러,미공개,ICT & Digitalization,로봇용 통합 인식 시스템과 4D 센싱 기술을 개발하는 스타트업,2026.01.11,확인 불가,"창립 투자자 아비그도르 빌렌츠가 이끌었으며, CES 2026 로봇 부문 최고 혁신상 수상",https://wowtale.net/2026/01/11/253062/
164,에피바이올로직스,"구글 벤처스(GV), 존슨앤존슨 벤처 캐피털 부문(JJDC), 노바티스 벤처 펀드, 아울리스 캐피털, 아베고 바이오사이언스 캐피털, 삼사라 바이오캐피털, 폴라리스 파트너스, 디지탈리스 벤처스, 타이호 벤처스, 비보 캐피털, 코돈 캐피털, 미션 바이오캐피털",1억700만 달러,Series B,Biotech & Healthcare,"세포 외부 단백질 분해 기술 기반의 이중특이항체 플랫폼을 활용해 암, 면역질환, 신경질환 치료제 개발",2026.01.11,버섯돌이(Taehyun Kim),,https://wowtale.net/2026/01/11/253066/
165,솔리 테라퓨틱스,"서베이어 캐피털, HRTG 파트너스, RWN 매니지먼트, 더그 레온 패밀리 펀드, 브레이어 캐피털, 고든MD 글로벌 인베스트먼트",2억 달러,Series C,Biotech & Healthcare,세포 스트레스 센싱 AI 기반 신약 개발,2026.01.12,확인 불가,,https://wowtale.net/2026/01/12/253080/
166,파라빌리스 메디슨즈,"RA 캐피털 매니지먼트, 피델리티 매니지먼트 앤 리서치 컴퍼니, 야누스 헨더슨 인베스터스",3억 5백만 달러,Series F,Biotech & Healthcare,"베타-카테닌을 표적으로 하는 임상단계 바이오 제약사로, 헬리콘 플랫폼을 활용해 암 치료제 개발",2026.01.12,버섯돌이(Taehyun Kim),베타-카테닌 표적 치료제 개발에 성공한 희귀 및 일반 종양 대상 파이프라인 확장 목적,https://wowtale.net/2026/01/12/253083/
167,솔라토즈,서울대학교기술지주,비공개,미공개,Semiconductor & Industrial,폐 태양광패널을 업사이클링해 고부가가치 농업 인프라용 에코강화유리와 에코솔라패널을 생산,2026.01.12,와우테일,,https://wowtale.net/2026/01/12/253108/
168,SDT,"프랙시스캐피탈파트너스, NH투자증권",300억 원,미공개,Biotech & Healthcare,AI·양자 하이브리드 인프라 구축 및 차세대 컴퓨팅 솔루션 제공,2026.01.12,와우테일,기술특례상장 및 연내 IPO 목표,https://wowtale.net/2026/01/12/253110/
169,플로라운지,씨엔티테크,미공개,프리시리즈A 후속 투자,Consumer Internet & Fintech,AI 기반 수요예측과 자체 유통 인프라를 활용한 O2O 화훼 유통 및 플라워테크 서비스 제공,2026.01.12,와우테일,한국농업기술진흥원 농식품 벤처육성 지원사업 발굴 사례,https://wowtale.net/2026/01/12/253137/
170,하르마탄 AI,다쏘 애비에이션,2억 달러,Series B,ICT & Digitalization,"방산용 자율비행 AI 및 드론, 전자전 장비, 지휘통제 플랫폼 개발",2026.01.13,확인 불가,"프랑스 방산 스타트업 최초 유니콘 등극, 다쏘 주도 투자",https://wowtale.net/2026/01/13/253159/
